year,grilli_index
2015,0.0796313434046533
2016,0.08567050685931656
2017,0.07804651411206893
2018,0.13364104132223106
2019,0.10386855354941456
2020,0.08093665595259088
2021,0.069990685354780785
